<?xml version="1.0" encoding="UTF-8"?>
<GenRun Id="impl_1" LaunchPart="xc7a35tcpg236-1" LaunchTime="1677250232">
  <File Type="BITSTR-BMM" Name="adder4_vhdl_bd.bmm"/>
  <File Type="OPT-METHODOLOGY-DRC" Name="adder4_vhdl_methodology_drc_opted.rpt"/>
  <File Type="INIT-TIMING" Name="adder4_vhdl_timing_summary_init.rpt"/>
  <File Type="ROUTE-PWR" Name="adder4_vhdl_power_routed.rpt"/>
  <File Type="PA-TCL" Name="adder4_vhdl.tcl"/>
  <File Type="OPT-TIMING" Name="adder4_vhdl_timing_summary_opted.rpt"/>
  <File Type="OPT-DCP" Name="adder4_vhdl_opt.dcp"/>
  <File Type="ROUTE-PWR-SUM" Name="adder4_vhdl_power_summary_routed.pb"/>
  <File Type="REPORTS-TCL" Name="adder4_vhdl_reports.tcl"/>
  <File Type="OPT-DRC" Name="adder4_vhdl_drc_opted.rpt"/>
  <File Type="OPT-HWDEF" Name="adder4_vhdl.hwdef"/>
  <File Type="PWROPT-DCP" Name="adder4_vhdl_pwropt.dcp"/>
  <File Type="PWROPT-DRC" Name="adder4_vhdl_drc_pwropted.rpt"/>
  <File Type="PWROPT-TIMING" Name="adder4_vhdl_timing_summary_pwropted.rpt"/>
  <File Type="PLACE-DCP" Name="adder4_vhdl_placed.dcp"/>
  <File Type="PLACE-IO" Name="adder4_vhdl_io_placed.rpt"/>
  <File Type="PLACE-CLK" Name="adder4_vhdl_clock_utilization_placed.rpt"/>
  <File Type="PLACE-UTIL" Name="adder4_vhdl_utilization_placed.rpt"/>
  <File Type="PLACE-UTIL-PB" Name="adder4_vhdl_utilization_placed.pb"/>
  <File Type="PLACE-CTRL" Name="adder4_vhdl_control_sets_placed.rpt"/>
  <File Type="PLACE-SIMILARITY" Name="adder4_vhdl_incremental_reuse_placed.rpt"/>
  <File Type="PLACE-PRE-SIMILARITY" Name="adder4_vhdl_incremental_reuse_pre_placed.rpt"/>
  <File Type="BG-BGN" Name="adder4_vhdl.bgn"/>
  <File Type="PLACE-TIMING" Name="adder4_vhdl_timing_summary_placed.rpt"/>
  <File Type="POSTPLACE-PWROPT-DCP" Name="adder4_vhdl_postplace_pwropt.dcp"/>
  <File Type="BG-BIN" Name="adder4_vhdl.bin"/>
  <File Type="POSTPLACE-PWROPT-TIMING" Name="adder4_vhdl_timing_summary_postplace_pwropted.rpt"/>
  <File Type="PHYSOPT-DCP" Name="adder4_vhdl_physopt.dcp"/>
  <File Type="PHYSOPT-DRC" Name="adder4_vhdl_drc_physopted.rpt"/>
  <File Type="BITSTR-MSK" Name="adder4_vhdl.msk"/>
  <File Type="PHYSOPT-TIMING" Name="adder4_vhdl_timing_summary_physopted.rpt"/>
  <File Type="ROUTE-ERROR-DCP" Name="adder4_vhdl_routed_error.dcp"/>
  <File Type="ROUTE-DCP" Name="adder4_vhdl_routed.dcp"/>
  <File Type="ROUTE-BLACKBOX-DCP" Name="adder4_vhdl_routed_bb.dcp"/>
  <File Type="ROUTE-DRC" Name="adder4_vhdl_drc_routed.rpt"/>
  <File Type="ROUTE-DRC-PB" Name="adder4_vhdl_drc_routed.pb"/>
  <File Type="BITSTR-LTX" Name="debug_nets.ltx"/>
  <File Type="BITSTR-LTX" Name="adder4_vhdl.ltx"/>
  <File Type="ROUTE-DRC-RPX" Name="adder4_vhdl_drc_routed.rpx"/>
  <File Type="BITSTR-MMI" Name="adder4_vhdl.mmi"/>
  <File Type="ROUTE-METHODOLOGY-DRC" Name="adder4_vhdl_methodology_drc_routed.rpt"/>
  <File Type="ROUTE-METHODOLOGY-DRC-RPX" Name="adder4_vhdl_methodology_drc_routed.rpx"/>
  <File Type="BITSTR-SYSDEF" Name="adder4_vhdl.sysdef"/>
  <File Type="ROUTE-METHODOLOGY-DRC-PB" Name="adder4_vhdl_methodology_drc_routed.pb"/>
  <File Type="ROUTE-PWR-RPX" Name="adder4_vhdl_power_routed.rpx"/>
  <File Type="ROUTE-STATUS" Name="adder4_vhdl_route_status.rpt"/>
  <File Type="ROUTE-STATUS-PB" Name="adder4_vhdl_route_status.pb"/>
  <File Type="ROUTE-TIMINGSUMMARY" Name="adder4_vhdl_timing_summary_routed.rpt"/>
  <File Type="ROUTE-TIMING-PB" Name="adder4_vhdl_timing_summary_routed.pb"/>
  <File Type="ROUTE-TIMING-RPX" Name="adder4_vhdl_timing_summary_routed.rpx"/>
  <File Type="ROUTE-SIMILARITY" Name="adder4_vhdl_incremental_reuse_routed.rpt"/>
  <File Type="ROUTE-CLK" Name="adder4_vhdl_clock_utilization_routed.rpt"/>
  <File Type="ROUTE-BUS-SKEW" Name="adder4_vhdl_bus_skew_routed.rpt"/>
  <File Type="ROUTE-BUS-SKEW-PB" Name="adder4_vhdl_bus_skew_routed.pb"/>
  <File Type="ROUTE-BUS-SKEW-RPX" Name="adder4_vhdl_bus_skew_routed.rpx"/>
  <File Type="POSTROUTE-PHYSOPT-DCP" Name="adder4_vhdl_postroute_physopt.dcp"/>
  <File Type="POSTROUTE-PHYSOPT-BLACKBOX-DCP" Name="adder4_vhdl_postroute_physopt_bb.dcp"/>
  <File Type="POSTROUTE-PHYSOPT-TIMING" Name="adder4_vhdl_timing_summary_postroute_physopted.rpt"/>
  <File Type="POSTROUTE-PHYSOPT-TIMING-PB" Name="adder4_vhdl_timing_summary_postroute_physopted.pb"/>
  <File Type="POSTROUTE-PHYSOPT-TIMING-RPX" Name="adder4_vhdl_timing_summary_postroute_physopted.rpx"/>
  <File Type="POSTROUTE-PHYSOPT-BUS-SKEW" Name="adder4_vhdl_bus_skew_postroute_physopted.rpt"/>
  <File Type="POSTROUTE-PHYSOPT-BUS-SKEW-PB" Name="adder4_vhdl_bus_skew_postroute_physopted.pb"/>
  <File Type="BG-BIT" Name="adder4_vhdl.bit"/>
  <File Type="POSTROUTE-PHYSOPT-BUS-SKEW-RPX" Name="adder4_vhdl_bus_skew_postroute_physopted.rpx"/>
  <File Type="BITSTR-RBT" Name="adder4_vhdl.rbt"/>
  <File Type="BITSTR-NKY" Name="adder4_vhdl.nky"/>
  <File Type="BG-DRC" Name="adder4_vhdl.drc"/>
  <File Type="RDI-RDI" Name="adder4_vhdl.vdi"/>
  <File Type="WBT-USG" Name="usage_statistics_webtalk.html"/>
  <FileSet Name="sources" Type="DesignSrcs" RelSrcDir="$PSRCDIR/sources_1">
    <Filter Type="Srcs"/>
    <File Path="$PSRCDIR/sources_1/imports/tmp/adder.vhd">
      <FileInfo>
        <Attr Name="ImportPath" Val="$PPRDIR/tmp/adder.vhd"/>
        <Attr Name="ImportTime" Val="1677249630"/>
        <Attr Name="UsedIn" Val="synthesis"/>
        <Attr Name="UsedIn" Val="simulation"/>
      </FileInfo>
    </File>
    <File Path="$PSRCDIR/sources_1/imports/tmp/adder4.vhd">
      <FileInfo>
        <Attr Name="ImportPath" Val="$PPRDIR/tmp/adder4.vhd"/>
        <Attr Name="ImportTime" Val="1677249947"/>
        <Attr Name="UsedIn" Val="synthesis"/>
        <Attr Name="UsedIn" Val="simulation"/>
      </FileInfo>
    </File>
    <File Path="$PSRCDIR/sources_1/bd/adder/adder.bd">
      <FileInfo>
        <Attr Name="AutoDisabled" Val="1"/>
        <Attr Name="UsedIn" Val="synthesis"/>
        <Attr Name="UsedIn" Val="implementation"/>
        <Attr Name="UsedIn" Val="simulation"/>
      </FileInfo>
    </File>
    <File Path="$PSRCDIR/sources_1/bd/adder4/adder4.bd">
      <FileInfo>
        <Attr Name="AutoDisabled" Val="1"/>
        <Attr Name="UsedIn" Val="synthesis"/>
        <Attr Name="UsedIn" Val="implementation"/>
        <Attr Name="UsedIn" Val="simulation"/>
      </FileInfo>
    </File>
    <Config>
      <Option Name="DesignMode" Val="RTL"/>
      <Option Name="TopModule" Val="adder4_vhdl"/>
      <Option Name="TopAutoSet" Val="TRUE"/>
    </Config>
  </FileSet>
  <FileSet Name="constrs_in" Type="Constrs" RelSrcDir="$PSRCDIR/constrs_1">
    <Filter Type="Constrs"/>
    <File Path="$PSRCDIR/constrs_1/new/adder4.xdc">
      <FileInfo>
        <Attr Name="UsedIn" Val="synthesis"/>
        <Attr Name="UsedIn" Val="implementation"/>
      </FileInfo>
    </File>
    <Config>
      <Option Name="TargetConstrsFile" Val="$PSRCDIR/constrs_1/new/adder4.xdc"/>
      <Option Name="ConstrsType" Val="XDC"/>
    </Config>
  </FileSet>
  <FileSet Name="utils" Type="Utils" RelSrcDir="$PSRCDIR/utils_1">
    <Filter Type="Utils"/>
    <Config>
      <Option Name="TopAutoSet" Val="TRUE"/>
    </Config>
  </FileSet>
  <Strategy Version="1" Minor="2">
    <StratHandle Name="Vivado Implementation Defaults" Flow="Vivado Implementation 2018">
      <Desc>Default settings for Implementation.</Desc>
    </StratHandle>
    <Step Id="init_design"/>
    <Step Id="opt_design"/>
    <Step Id="power_opt_design"/>
    <Step Id="place_design"/>
    <Step Id="post_place_power_opt_design"/>
    <Step Id="phys_opt_design"/>
    <Step Id="route_design"/>
    <Step Id="post_route_phys_opt_design"/>
    <Step Id="write_bitstream"/>
  </Strategy>
</GenRun>
