<?xml version="1.0" encoding="UTF-8"?>
<GenRun Id="impl_1" LaunchPart="xc7a35tcpg236-1" LaunchTime="1681477654">
  <File Type="BITSTR-BMM" Name="TheDesign_vhdl_bd.bmm"/>
  <File Type="OPT-METHODOLOGY-DRC" Name="TheDesign_vhdl_methodology_drc_opted.rpt"/>
  <File Type="INIT-TIMING" Name="TheDesign_vhdl_timing_summary_init.rpt"/>
  <File Type="ROUTE-PWR" Name="TheDesign_vhdl_power_routed.rpt"/>
  <File Type="PA-TCL" Name="TheDesign_vhdl.tcl"/>
  <File Type="OPT-TIMING" Name="TheDesign_vhdl_timing_summary_opted.rpt"/>
  <File Type="OPT-DCP" Name="TheDesign_vhdl_opt.dcp"/>
  <File Type="ROUTE-PWR-SUM" Name="TheDesign_vhdl_power_summary_routed.pb"/>
  <File Type="REPORTS-TCL" Name="TheDesign_vhdl_reports.tcl"/>
  <File Type="OPT-DRC" Name="TheDesign_vhdl_drc_opted.rpt"/>
  <File Type="OPT-HWDEF" Name="TheDesign_vhdl.hwdef"/>
  <File Type="PWROPT-DCP" Name="TheDesign_vhdl_pwropt.dcp"/>
  <File Type="PWROPT-DRC" Name="TheDesign_vhdl_drc_pwropted.rpt"/>
  <File Type="PWROPT-TIMING" Name="TheDesign_vhdl_timing_summary_pwropted.rpt"/>
  <File Type="PLACE-DCP" Name="TheDesign_vhdl_placed.dcp"/>
  <File Type="PLACE-IO" Name="TheDesign_vhdl_io_placed.rpt"/>
  <File Type="PLACE-CLK" Name="TheDesign_vhdl_clock_utilization_placed.rpt"/>
  <File Type="PLACE-UTIL" Name="TheDesign_vhdl_utilization_placed.rpt"/>
  <File Type="PLACE-UTIL-PB" Name="TheDesign_vhdl_utilization_placed.pb"/>
  <File Type="PLACE-CTRL" Name="TheDesign_vhdl_control_sets_placed.rpt"/>
  <File Type="PLACE-SIMILARITY" Name="TheDesign_vhdl_incremental_reuse_placed.rpt"/>
  <File Type="PLACE-PRE-SIMILARITY" Name="TheDesign_vhdl_incremental_reuse_pre_placed.rpt"/>
  <File Type="BG-BGN" Name="TheDesign_vhdl.bgn"/>
  <File Type="PLACE-TIMING" Name="TheDesign_vhdl_timing_summary_placed.rpt"/>
  <File Type="POSTPLACE-PWROPT-DCP" Name="TheDesign_vhdl_postplace_pwropt.dcp"/>
  <File Type="BG-BIN" Name="TheDesign_vhdl.bin"/>
  <File Type="POSTPLACE-PWROPT-TIMING" Name="TheDesign_vhdl_timing_summary_postplace_pwropted.rpt"/>
  <File Type="PHYSOPT-DCP" Name="TheDesign_vhdl_physopt.dcp"/>
  <File Type="PHYSOPT-DRC" Name="TheDesign_vhdl_drc_physopted.rpt"/>
  <File Type="BITSTR-MSK" Name="TheDesign_vhdl.msk"/>
  <File Type="PHYSOPT-TIMING" Name="TheDesign_vhdl_timing_summary_physopted.rpt"/>
  <File Type="ROUTE-ERROR-DCP" Name="TheDesign_vhdl_routed_error.dcp"/>
  <File Type="ROUTE-DCP" Name="TheDesign_vhdl_routed.dcp"/>
  <File Type="ROUTE-BLACKBOX-DCP" Name="TheDesign_vhdl_routed_bb.dcp"/>
  <File Type="ROUTE-DRC" Name="TheDesign_vhdl_drc_routed.rpt"/>
  <File Type="ROUTE-DRC-PB" Name="TheDesign_vhdl_drc_routed.pb"/>
  <File Type="BITSTR-LTX" Name="debug_nets.ltx"/>
  <File Type="BITSTR-LTX" Name="TheDesign_vhdl.ltx"/>
  <File Type="ROUTE-DRC-RPX" Name="TheDesign_vhdl_drc_routed.rpx"/>
  <File Type="BITSTR-MMI" Name="TheDesign_vhdl.mmi"/>
  <File Type="ROUTE-METHODOLOGY-DRC" Name="TheDesign_vhdl_methodology_drc_routed.rpt"/>
  <File Type="ROUTE-METHODOLOGY-DRC-RPX" Name="TheDesign_vhdl_methodology_drc_routed.rpx"/>
  <File Type="BITSTR-SYSDEF" Name="TheDesign_vhdl.sysdef"/>
  <File Type="ROUTE-METHODOLOGY-DRC-PB" Name="TheDesign_vhdl_methodology_drc_routed.pb"/>
  <File Type="ROUTE-PWR-RPX" Name="TheDesign_vhdl_power_routed.rpx"/>
  <File Type="ROUTE-STATUS" Name="TheDesign_vhdl_route_status.rpt"/>
  <File Type="ROUTE-STATUS-PB" Name="TheDesign_vhdl_route_status.pb"/>
  <File Type="ROUTE-TIMINGSUMMARY" Name="TheDesign_vhdl_timing_summary_routed.rpt"/>
  <File Type="ROUTE-TIMING-PB" Name="TheDesign_vhdl_timing_summary_routed.pb"/>
  <File Type="ROUTE-TIMING-RPX" Name="TheDesign_vhdl_timing_summary_routed.rpx"/>
  <File Type="ROUTE-SIMILARITY" Name="TheDesign_vhdl_incremental_reuse_routed.rpt"/>
  <File Type="ROUTE-CLK" Name="TheDesign_vhdl_clock_utilization_routed.rpt"/>
  <File Type="ROUTE-BUS-SKEW" Name="TheDesign_vhdl_bus_skew_routed.rpt"/>
  <File Type="ROUTE-BUS-SKEW-PB" Name="TheDesign_vhdl_bus_skew_routed.pb"/>
  <File Type="ROUTE-BUS-SKEW-RPX" Name="TheDesign_vhdl_bus_skew_routed.rpx"/>
  <File Type="POSTROUTE-PHYSOPT-DCP" Name="TheDesign_vhdl_postroute_physopt.dcp"/>
  <File Type="POSTROUTE-PHYSOPT-BLACKBOX-DCP" Name="TheDesign_vhdl_postroute_physopt_bb.dcp"/>
  <File Type="POSTROUTE-PHYSOPT-TIMING" Name="TheDesign_vhdl_timing_summary_postroute_physopted.rpt"/>
  <File Type="POSTROUTE-PHYSOPT-TIMING-PB" Name="TheDesign_vhdl_timing_summary_postroute_physopted.pb"/>
  <File Type="POSTROUTE-PHYSOPT-TIMING-RPX" Name="TheDesign_vhdl_timing_summary_postroute_physopted.rpx"/>
  <File Type="POSTROUTE-PHYSOPT-BUS-SKEW" Name="TheDesign_vhdl_bus_skew_postroute_physopted.rpt"/>
  <File Type="POSTROUTE-PHYSOPT-BUS-SKEW-PB" Name="TheDesign_vhdl_bus_skew_postroute_physopted.pb"/>
  <File Type="BG-BIT" Name="TheDesign_vhdl.bit"/>
  <File Type="POSTROUTE-PHYSOPT-BUS-SKEW-RPX" Name="TheDesign_vhdl_bus_skew_postroute_physopted.rpx"/>
  <File Type="BITSTR-RBT" Name="TheDesign_vhdl.rbt"/>
  <File Type="BITSTR-NKY" Name="TheDesign_vhdl.nky"/>
  <File Type="BG-DRC" Name="TheDesign_vhdl.drc"/>
  <File Type="RDI-RDI" Name="TheDesign_vhdl.vdi"/>
  <File Type="WBT-USG" Name="usage_statistics_webtalk.html"/>
  <FileSet Name="sources" Type="DesignSrcs" RelSrcDir="$PSRCDIR/sources_1">
    <Filter Type="Srcs"/>
    <File Path="$PSRCDIR/sources_1/imports/tmp/C_out.vhd">
      <FileInfo>
        <Attr Name="ImportPath" Val="$PPRDIR/tmp/C_out.vhd"/>
        <Attr Name="ImportTime" Val="1681410859"/>
        <Attr Name="UsedIn" Val="synthesis"/>
        <Attr Name="UsedIn" Val="simulation"/>
      </FileInfo>
    </File>
    <File Path="$PSRCDIR/sources_1/imports/tmp/Controller.vhd">
      <FileInfo>
        <Attr Name="ImportPath" Val="$PPRDIR/tmp/Controller.vhd"/>
        <Attr Name="ImportTime" Val="1681411889"/>
        <Attr Name="UsedIn" Val="synthesis"/>
        <Attr Name="UsedIn" Val="simulation"/>
      </FileInfo>
    </File>
    <File Path="$PSRCDIR/sources_1/imports/tmp/D0.vhd">
      <FileInfo>
        <Attr Name="ImportPath" Val="$PPRDIR/tmp/D0.vhd"/>
        <Attr Name="ImportTime" Val="1681410176"/>
        <Attr Name="UsedIn" Val="synthesis"/>
        <Attr Name="UsedIn" Val="simulation"/>
      </FileInfo>
    </File>
    <File Path="$PSRCDIR/sources_1/imports/tmp/D1.vhd">
      <FileInfo>
        <Attr Name="ImportPath" Val="$PPRDIR/tmp/D1.vhd"/>
        <Attr Name="ImportTime" Val="1681410143"/>
        <Attr Name="UsedIn" Val="synthesis"/>
        <Attr Name="UsedIn" Val="simulation"/>
      </FileInfo>
    </File>
    <File Path="$PSRCDIR/sources_1/imports/tmp/S_out.vhd">
      <FileInfo>
        <Attr Name="ImportPath" Val="$PPRDIR/tmp/S_out.vhd"/>
        <Attr Name="ImportTime" Val="1681410883"/>
        <Attr Name="UsedIn" Val="synthesis"/>
        <Attr Name="UsedIn" Val="simulation"/>
      </FileInfo>
    </File>
    <File Path="$PSRCDIR/sources_1/imports/tmp/ShiftReg.vhd">
      <FileInfo>
        <Attr Name="ImportPath" Val="$PPRDIR/tmp/ShiftReg.vhd"/>
        <Attr Name="ImportTime" Val="1680268407"/>
        <Attr Name="UsedIn" Val="synthesis"/>
        <Attr Name="UsedIn" Val="simulation"/>
      </FileInfo>
    </File>
    <File Path="$PSRCDIR/sources_1/imports/tmp/ShiftTest.vhd">
      <FileInfo>
        <Attr Name="ImportPath" Val="$PPRDIR/tmp/ShiftTest.vhd"/>
        <Attr Name="ImportTime" Val="1680269029"/>
        <Attr Name="UsedIn" Val="synthesis"/>
        <Attr Name="UsedIn" Val="simulation"/>
      </FileInfo>
    </File>
    <File Path="$PSRCDIR/sources_1/imports/Downloads/decoder_filled.vhd">
      <FileInfo>
        <Attr Name="ImportPath" Val="C:/Users/Michail/Downloads/decoder_filled.vhd"/>
        <Attr Name="ImportTime" Val="1681412310"/>
        <Attr Name="UsedIn" Val="synthesis"/>
        <Attr Name="UsedIn" Val="simulation"/>
      </FileInfo>
    </File>
    <File Path="//drive.fit.cvut.cz/home/spirimi2/Downloads/l6_counter.vhd">
      <FileInfo>
        <Attr Name="UsedIn" Val="synthesis"/>
        <Attr Name="UsedIn" Val="simulation"/>
      </FileInfo>
    </File>
    <File Path="$PSRCDIR/sources_1/imports/tmp/TheDesign.vhd">
      <FileInfo>
        <Attr Name="ImportPath" Val="$PPRDIR/tmp/TheDesign.vhd"/>
        <Attr Name="ImportTime" Val="1681477630"/>
        <Attr Name="UsedIn" Val="synthesis"/>
        <Attr Name="UsedIn" Val="simulation"/>
      </FileInfo>
    </File>
    <File Path="$PSRCDIR/sources_1/imports/Downloads/l6_counter.vhd">
      <FileInfo>
        <Attr Name="AutoDisabled" Val="1"/>
        <Attr Name="ImportPath" Val="C:/Users/Michail/Downloads/l6_counter.vhd"/>
        <Attr Name="ImportTime" Val="1681408981"/>
        <Attr Name="UsedIn" Val="synthesis"/>
        <Attr Name="UsedIn" Val="simulation"/>
      </FileInfo>
    </File>
    <File Path="$PSRCDIR/sources_1/bd/ShiftReg/ShiftReg.bd">
      <FileInfo>
        <Attr Name="AutoDisabled" Val="1"/>
        <Attr Name="UsedIn" Val="synthesis"/>
        <Attr Name="UsedIn" Val="implementation"/>
        <Attr Name="UsedIn" Val="simulation"/>
      </FileInfo>
    </File>
    <File Path="$PSRCDIR/sources_1/bd/ShiftTest/ShiftTest.bd">
      <FileInfo>
        <Attr Name="AutoDisabled" Val="1"/>
        <Attr Name="UsedIn" Val="synthesis"/>
        <Attr Name="UsedIn" Val="implementation"/>
        <Attr Name="UsedIn" Val="simulation"/>
      </FileInfo>
    </File>
    <File Path="$PSRCDIR/sources_1/imports/Downloads/clk_200hz.vhd">
      <FileInfo>
        <Attr Name="AutoDisabled" Val="1"/>
        <Attr Name="ImportPath" Val="//drive.fit.cvut.cz/home/spirimi2/Downloads/clk_200hz.vhd"/>
        <Attr Name="ImportTime" Val="1679059940"/>
        <Attr Name="UsedIn" Val="synthesis"/>
        <Attr Name="UsedIn" Val="simulation"/>
      </FileInfo>
    </File>
    <File Path="$PSRCDIR/sources_1/bd/Controller/Controller.bd">
      <FileInfo>
        <Attr Name="AutoDisabled" Val="1"/>
        <Attr Name="UsedIn" Val="synthesis"/>
        <Attr Name="UsedIn" Val="implementation"/>
        <Attr Name="UsedIn" Val="simulation"/>
      </FileInfo>
    </File>
    <File Path="$PSRCDIR/sources_1/bd/D0/D0.bd">
      <FileInfo>
        <Attr Name="AutoDisabled" Val="1"/>
        <Attr Name="UsedIn" Val="synthesis"/>
        <Attr Name="UsedIn" Val="implementation"/>
        <Attr Name="UsedIn" Val="simulation"/>
      </FileInfo>
    </File>
    <File Path="$PSRCDIR/sources_1/bd/D1/D1.bd">
      <FileInfo>
        <Attr Name="AutoDisabled" Val="1"/>
        <Attr Name="UsedIn" Val="synthesis"/>
        <Attr Name="UsedIn" Val="implementation"/>
        <Attr Name="UsedIn" Val="simulation"/>
      </FileInfo>
    </File>
    <File Path="$PSRCDIR/sources_1/bd/C_out/C_out.bd">
      <FileInfo>
        <Attr Name="AutoDisabled" Val="1"/>
        <Attr Name="UsedIn" Val="synthesis"/>
        <Attr Name="UsedIn" Val="implementation"/>
        <Attr Name="UsedIn" Val="simulation"/>
      </FileInfo>
    </File>
    <File Path="$PSRCDIR/sources_1/bd/S_out/S_out.bd">
      <FileInfo>
        <Attr Name="AutoDisabled" Val="1"/>
        <Attr Name="UsedIn" Val="synthesis"/>
        <Attr Name="UsedIn" Val="implementation"/>
        <Attr Name="UsedIn" Val="simulation"/>
      </FileInfo>
    </File>
    <File Path="$PSRCDIR/sources_1/bd/TheDesign/TheDesign.bd">
      <FileInfo>
        <Attr Name="AutoDisabled" Val="1"/>
        <Attr Name="UsedIn" Val="synthesis"/>
        <Attr Name="UsedIn" Val="implementation"/>
        <Attr Name="UsedIn" Val="simulation"/>
      </FileInfo>
    </File>
    <Config>
      <Option Name="DesignMode" Val="RTL"/>
      <Option Name="TopModule" Val="TheDesign_vhdl"/>
    </Config>
  </FileSet>
  <FileSet Name="constrs_in" Type="Constrs" RelSrcDir="$PSRCDIR/constrs_1">
    <Filter Type="Constrs"/>
    <File Path="$PSRCDIR/constrs_1/new/ShiftTest.xdc">
      <FileInfo>
        <Attr Name="UsedIn" Val="synthesis"/>
        <Attr Name="UsedIn" Val="implementation"/>
      </FileInfo>
    </File>
    <Config>
      <Option Name="TargetConstrsFile" Val="$PSRCDIR/constrs_1/new/ShiftTest.xdc"/>
      <Option Name="ConstrsType" Val="XDC"/>
    </Config>
  </FileSet>
  <FileSet Name="utils" Type="Utils" RelSrcDir="$PSRCDIR/utils_1">
    <Filter Type="Utils"/>
    <Config>
      <Option Name="TopAutoSet" Val="TRUE"/>
    </Config>
  </FileSet>
  <Strategy Version="1" Minor="2">
    <StratHandle Name="Vivado Implementation Defaults" Flow="Vivado Implementation 2018"/>
    <Step Id="init_design"/>
    <Step Id="opt_design"/>
    <Step Id="power_opt_design"/>
    <Step Id="place_design"/>
    <Step Id="post_place_power_opt_design"/>
    <Step Id="phys_opt_design"/>
    <Step Id="route_design"/>
    <Step Id="post_route_phys_opt_design"/>
    <Step Id="write_bitstream"/>
  </Strategy>
</GenRun>
